Order,Boss2,Name,JournalEncounterID,ml,hl,normal,tier,itemid,Icon,IconNames,BonusID,item_class,slot,item_subclass,token,raid,specs,spec_ids,classes,classes_id,stats,main_stats,secondary_stats,wowhead_url,icon_url
1,Ulgrax the Devourer,Husk of Swallowing Darkness,2607,623,610,597,,212386,,inv_shield_1h_nerubianraid_d_02,,Armor,Off Hand,Shield,,Nerub-ar Palace,"Protection Warrior,Holy Paladin,Elemental Shaman,Restoration Shaman,Protection Paladin",262|264|65|66|73,"Paladin,Warrior,Shaman",1|2|7,"4475 Stamina,3088 Intellect,1007 Strength,497 Versatility,203 Mastery",STR/INT,VERS/MAS,https://www.wowhead.com/item=212386,https://wow.zamimg.com/images/wow/icons/large/inv_shield_1h_nerubianraid_d_02.jpg
1,Ulgrax the Devourer,Ulgrax's Morsel-Masher,2607,623,610,597,,212388,,inv_mace_2h_nerubianraid_d_01,,Weapon,Two-Hand,Two-Handed Maces,,Nerub-ar Palace,"Unholy Death Knight,Frost Death Knight,Retribution Paladin,Blood Death Knight,Fury Warrior,Arms Warrior",250|251|252|70|71|72,"Paladin,Warrior,Death Knight",1|2|6,"8949 Stamina,2014 Strength,980 Haste,421 Versatility",STR,HASTE/VERS,https://www.wowhead.com/item=212388,https://wow.zamimg.com/images/wow/icons/large/inv_mace_2h_nerubianraid_d_01.jpg
1,Ulgrax the Devourer,Venom-Etched Claw,2607,623,610,597,,212409,,inv_hand_1h_nerubianraid_d_01,,Weapon,One-Hand,Fist Weapons,,Nerub-ar Palace,"Outlaw Rogue,Havoc Demon Hunter,Enhancement Shaman,Brewmaster Monk,Windwalker Monk,Vengeance Demon Hunter",260|263|268|269|577|581,"Monk,Rogue,Demon Hunter,Shaman",10|4|12|7,"4475 Stamina,1007 Agility,474 Versatility,226 Haste",AGI,VERS/HASTE,https://www.wowhead.com/item=212409,https://wow.zamimg.com/images/wow/icons/large/inv_hand_1h_nerubianraid_d_01.jpg
1,Ulgrax the Devourer,Bile-Soaked Harness,2607,623,610,597,,212419,,inv_cloth_raidwarlocknerubian_d_01_robe,,Armor,Chest,Cloth,,Nerub-ar Palace,"Destruction Warlock,Shadow Priest,Arcane Mage,Fire Mage,Holy Priest,Discipline Priest,Demonology Warlock,Frost Mage,Affliction Warlock",256|257|258|265|266|267|62|63|64,"Warlock,Mage,Priest",8|9|5,"8949 Stamina,2014 Intellect,911 Mastery,490 Critical Strike",INT,MAS/CRIT,https://www.wowhead.com/item=212419,https://wow.zamimg.com/images/wow/icons/large/inv_cloth_raidwarlocknerubian_d_01_robe.jpg
1,Ulgrax the Devourer,Rebel's Drained Marrowslacks,2607,623,610,597,,212423,,inv_pant_leather_raidmonknerubian_d_01,,Armor,Legs,Leather,,Nerub-ar Palace,"Outlaw Rogue,Havoc Demon Hunter,Feral Druid,Guardian Druid,Brewmaster Monk,Balance Druid,Windwalker Monk,Restoration Druid,Vengeance Demon Hunter,Assassination Rogue,Subtlety Rogue,Mistweaver Monk",102|103|104|105|259|260|261|268|269|270|577|581,"Monk,Rogue,Demon Hunter,Druid",10|11|4|12,"8949 Stamina,2014 [Agility or Intellect],962 Critical Strike,439 Mastery",AGI/INT,CRIT/MAS,https://www.wowhead.com/item=212423,https://wow.zamimg.com/images/wow/icons/large/inv_pant_leather_raidmonknerubian_d_01.jpg
1,Ulgrax the Devourer,Seasoned Earthen Boulderplates,2607,623,610,597,,212424,,inv_shoulder_plate_raidwarriornerubian_d_01,,Armor,Shoulder,Plate,,Nerub-ar Palace,"Arms Warrior,Protection Warrior,Unholy Death Knight,Holy Paladin,Frost Death Knight,Retribution Paladin,Blood Death Knight,Fury Warrior,Protection Paladin",250|251|252|65|66|70|71|72|73,"Paladin,Warrior,Death Knight",1|2|6,"6712 Stamina,1510 [Strength or Intellect],685 Critical Strike,365 Versatility",STR/INT,CRIT/VERS,https://www.wowhead.com/item=212424,https://wow.zamimg.com/images/wow/icons/large/inv_shoulder_plate_raidwarriornerubian_d_01.jpg
1,Ulgrax the Devourer,Devourer's Taut Innards,2607,623,610,597,,212425,,inv_belt_leather_raidroguenerubian_d_01,,Armor,Waist,Leather,,Nerub-ar Palace,"Outlaw Rogue,Havoc Demon Hunter,Feral Druid,Guardian Druid,Brewmaster Monk,Balance Druid,Windwalker Monk,Restoration Druid,Vengeance Demon Hunter,Assassination Rogue,Subtlety Rogue,Mistweaver Monk",102|103|104|105|259|260|261|268|269|270|577|581,"Monk,Rogue,Demon Hunter,Druid",10|11|4|12,"6712 Stamina,1510 [Agility or Intellect],731 Versatility,319 Mastery",AGI/INT,VERS/MAS,https://www.wowhead.com/item=212425,https://wow.zamimg.com/images/wow/icons/large/inv_belt_leather_raidroguenerubian_d_01.jpg
1,Ulgrax the Devourer,Crunchy Intruder's Wristband,2607,623,610,597,,212426,,inv_cloth_raidwarlocknerubian_d_01_bracer,,Armor,Wrist,Cloth,,Nerub-ar Palace,"Destruction Warlock,Shadow Priest,Arcane Mage,Fire Mage,Holy Priest,Discipline Priest,Demonology Warlock,Frost Mage,Affliction Warlock",256|257|258|265|266|267|62|63|64,"Warlock,Mage,Priest",8|9|5,"5034 Stamina,1133 Intellect,551 Critical Strike,237 Haste",INT,CRIT/HASTE,https://www.wowhead.com/item=212426,https://wow.zamimg.com/images/wow/icons/large/inv_cloth_raidwarlocknerubian_d_01_bracer.jpg
1,Ulgrax the Devourer,Final Meal's Horns,2607,623,610,597,,212428,,inv_mail_raidhunternerubian_d_01_helm,,Armor,Head,Mail,,Nerub-ar Palace,"Enhancement Shaman,Beast Mastery Hunter,Devastation Evoker,Preservation Evoker,Elemental Shaman,Augmentation Evoker,Survival Hunter,Restoration Shaman,Marksmanship Hunter",1467|1468|1473|253|254|255|262|263|264,"Evoker,Hunter,Shaman",3|13|7,"8949 Stamina,2014 [Agility or Intellect],952 Haste,449 Versatility",AGI/INT,HASTE/VERS,https://www.wowhead.com/item=212428,https://wow.zamimg.com/images/wow/icons/large/inv_mail_raidhunternerubian_d_01_helm.jpg
1,Ulgrax the Devourer,Undermoth-Lined Footpads,2607,623,610,597,,212431,,inv_mail_raidhunternerubian_d_01_boot,,Armor,Feet,Mail,,Nerub-ar Palace,"Enhancement Shaman,Beast Mastery Hunter,Devastation Evoker,Preservation Evoker,Elemental Shaman,Augmentation Evoker,Survival Hunter,Restoration Shaman,Marksmanship Hunter",1467|1468|1473|253|254|255|262|263|264,"Evoker,Hunter,Shaman",3|13|7,"6712 Stamina,1510 [Agility or Intellect],696 Versatility,355 Haste",AGI/INT,VERS/HASTE,https://www.wowhead.com/item=212431,https://wow.zamimg.com/images/wow/icons/large/inv_mail_raidhunternerubian_d_01_boot.jpg
1,Ulgrax the Devourer,Greatbelt of the Hungerer,2607,623,610,597,,212442,,inv_buckle_raiddeathknightnerubian_d_01,,Armor,Waist,Plate,,Nerub-ar Palace,"Arms Warrior,Protection Warrior,Unholy Death Knight,Holy Paladin,Frost Death Knight,Retribution Paladin,Blood Death Knight,Fury Warrior,Protection Paladin",250|251|252|65|66|70|71|72|73,"Paladin,Warrior,Death Knight",1|2|6,"6712 Stamina,1510 [Strength or Intellect],720 Versatility,331 Haste",STR/INT,VERS/HASTE,https://www.wowhead.com/item=212442,https://wow.zamimg.com/images/wow/icons/large/inv_buckle_raiddeathknightnerubian_d_01.jpg
1,Ulgrax the Devourer,Royal Emblem of Nerub-ar,2607,623,610,597,,212446,,inv_cape_special_nerubian_d_02,,Armor,Back,,,Nerub-ar Palace,,,,,"5034 Stamina,1133 [Agility or Strength or Intellect],540 Mastery,248 Critical Strike",AGI/STR/INT,MAS/CRIT,https://www.wowhead.com/item=212446,https://wow.zamimg.com/images/wow/icons/large/inv_cape_special_nerubian_d_02.jpg
1,Ulgrax the Devourer,Foul Behemoth's Chelicera,2607,623,610,597,,219915,,inv_raid_foulbehemothschelicera_red,,Armor,Trinket,Trinket,,Nerub-ar Palace,"Protection Warrior,Guardian Druid,Brewmaster Monk,Vengeance Demon Hunter,Blood Death Knight,Protection Paladin",103|104|250|251|252|253|254|255|259|260|261|263|268|269|577|581|66|70|71|72|73,"Paladin,Demon Hunter,Death Knight,Monk,Warrior,Druid",1|2|6|10|11|12,1914 [Agility or Strength],AGI/STR,,https://www.wowhead.com/item=219915,https://wow.zamimg.com/images/wow/icons/large/inv_raid_foulbehemothschelicera_red.jpg
2,The Bloodbound Horror,Blood-Kissed Kukri,2611,623,610,597,,212395,,inv_knife_1h_nerubianraid_d_02,,Weapon,One-Hand,Daggers,,Nerub-ar Palace,"Subtlety Rogue,Assassination Rogue",259|261,Rogue,4,"4475 Stamina,1007 Agility,500 Critical Strike,200 Versatility",AGI,CRIT/VERS,https://www.wowhead.com/item=212395,https://wow.zamimg.com/images/wow/icons/large/inv_knife_1h_nerubianraid_d_02.jpg
2,The Bloodbound Horror,Scepter of Manifested Miasma,2611,623,610,597,,212404,,inv_mace_1h_nerubianraid_d_02,,Weapon,One-Hand,One-Handed Maces,,Nerub-ar Palace,"Shadow Priest,Balance Druid,Holy Paladin,Devastation Evoker,Preservation Evoker,Elemental Shaman,Restoration Druid,Augmentation Evoker,Holy Priest,Restoration Shaman,Discipline Priest,Mistweaver Monk",102|105|1467|1468|1473|256|257|258|262|264|270|65,"Paladin,Monk,Evoker,Shaman,Priest,Druid",2|5|7|10|11|13,"5864 Intellect,4475 Stamina,498 Haste,202 Versatility",INT,HASTE/VERS,https://www.wowhead.com/item=212404,https://wow.zamimg.com/images/wow/icons/large/inv_mace_1h_nerubianraid_d_02.jpg
2,The Bloodbound Horror,Lost Watcher's Remains,2611,623,610,597,,212414,,inv_mail_raidhunternerubian_d_01_belt,,Armor,Waist,Mail,,Nerub-ar Palace,"Enhancement Shaman,Beast Mastery Hunter,Devastation Evoker,Preservation Evoker,Elemental Shaman,Augmentation Evoker,Survival Hunter,Restoration Shaman,Marksmanship Hunter",1467|1468|1473|253|254|255|262|263|264,"Evoker,Hunter,Shaman",3|13|7,"6712 Stamina,1510 [Agility or Intellect],706 Haste,345 Critical Strike",AGI/INT,HASTE/CRIT,https://www.wowhead.com/item=212414,https://wow.zamimg.com/images/wow/icons/large/inv_mail_raidhunternerubian_d_01_belt.jpg
2,The Bloodbound Horror,Beyond's Dark Visage,2611,623,610,597,,212417,,inv_leather_raiddemonhunternerubian_d_01_helm,,Armor,Head,Leather,,Nerub-ar Palace,"Outlaw Rogue,Havoc Demon Hunter,Feral Druid,Guardian Druid,Brewmaster Monk,Balance Druid,Windwalker Monk,Restoration Druid,Vengeance Demon Hunter,Assassination Rogue,Subtlety Rogue,Mistweaver Monk",102|103|104|105|259|260|261|268|269|270|577|581,"Monk,Rogue,Demon Hunter,Druid",10|11|4|12,"8949 Stamina,2014 [Agility or Intellect],971 Versatility,430 Critical Strike",AGI/INT,VERS/CRIT,https://www.wowhead.com/item=212417,https://wow.zamimg.com/images/wow/icons/large/inv_leather_raiddemonhunternerubian_d_01_helm.jpg
2,The Bloodbound Horror,Goresplattered Membrane,2611,623,610,597,,212421,,inv_chest_mail_raidevokernerubian_d_01,,Armor,Chest,Mail,,Nerub-ar Palace,"Enhancement Shaman,Beast Mastery Hunter,Devastation Evoker,Preservation Evoker,Elemental Shaman,Augmentation Evoker,Survival Hunter,Restoration Shaman,Marksmanship Hunter",1467|1468|1473|253|254|255|262|263|264,"Evoker,Hunter,Shaman",3|13|7,"8949 Stamina,2014 [Agility or Intellect],972 Mastery,429 Haste",AGI/INT,MAS/HASTE,https://www.wowhead.com/item=212421,https://wow.zamimg.com/images/wow/icons/large/inv_chest_mail_raidevokernerubian_d_01.jpg
2,The Bloodbound Horror,Bloodbound Horror's Legplates,2611,623,610,597,,212422,,inv_plate_raidpaladinnerubian_d_01_pant,,Armor,Legs,Plate,,Nerub-ar Palace,"Arms Warrior,Protection Warrior,Unholy Death Knight,Holy Paladin,Frost Death Knight,Retribution Paladin,Blood Death Knight,Fury Warrior,Protection Paladin",250|251|252|65|66|70|71|72|73,"Paladin,Warrior,Death Knight",1|2|6,"8949 Stamina,2014 [Strength or Intellect],962 Versatility,439 Critical Strike",STR/INT,VERS/CRIT,https://www.wowhead.com/item=212422,https://wow.zamimg.com/images/wow/icons/large/inv_plate_raidpaladinnerubian_d_01_pant.jpg
2,The Bloodbound Horror,Shattered Eye Cincture,2611,623,610,597,,212430,,inv_belt_cloth_raidmagenerubian_d_01,,Armor,Waist,Cloth,,Nerub-ar Palace,"Destruction Warlock,Shadow Priest,Arcane Mage,Fire Mage,Holy Priest,Discipline Priest,Demonology Warlock,Frost Mage,Affliction Warlock",256|257|258|265|266|267|62|63|64,"Warlock,Mage,Priest",8|9|5,"6712 Stamina,1510 Intellect,740 Versatility,310 Critical Strike",INT,VERS/CRIT,https://www.wowhead.com/item=212430,https://wow.zamimg.com/images/wow/icons/large/inv_belt_cloth_raidmagenerubian_d_01.jpg
2,The Bloodbound Horror,Polluted Spectre's Wraps,2611,623,610,597,,212438,,inv_bracer_leather_raidroguenerubian_d_01,,Armor,Wrist,Leather,,Nerub-ar Palace,"Outlaw Rogue,Havoc Demon Hunter,Feral Druid,Guardian Druid,Brewmaster Monk,Balance Druid,Windwalker Monk,Restoration Druid,Vengeance Demon Hunter,Assassination Rogue,Subtlety Rogue,Mistweaver Monk",102|103|104|105|259|260|261|268|269|270|577|581,"Monk,Rogue,Demon Hunter,Druid",10|11|4|12,"5034 Stamina,1133 [Agility or Intellect],529 Mastery,259 Haste",AGI/INT,MAS/HASTE,https://www.wowhead.com/item=212438,https://wow.zamimg.com/images/wow/icons/large/inv_bracer_leather_raidroguenerubian_d_01.jpg
2,The Bloodbound Horror,Beacons of the False Dawn,2611,623,610,597,,212439,,inv_cloth_raidpriestnerubian_d_01_shoulder,,Armor,Shoulder,Cloth,,Nerub-ar Palace,"Destruction Warlock,Shadow Priest,Arcane Mage,Fire Mage,Holy Priest,Discipline Priest,Demonology Warlock,Frost Mage,Affliction Warlock",256|257|258|265|266|267|62|63|64,"Warlock,Mage,Priest",8|9|5,"6712 Stamina,1510 Intellect,750 Critical Strike,301 Mastery",INT,CRIT/MAS,https://www.wowhead.com/item=212439,https://wow.zamimg.com/images/wow/icons/large/inv_cloth_raidpriestnerubian_d_01_shoulder.jpg
2,The Bloodbound Horror,Key to the Unseeming,2611,623,610,597,,212447,,inv_nerubian_ring_02_color5,,Armor,Finger,,,Nerub-ar Palace,,,,,"5034 Stamina,2550 Haste,695 Mastery",,HASTE/MAS,https://www.wowhead.com/item=212447,https://wow.zamimg.com/images/wow/icons/large/inv_nerubian_ring_02_color5.jpg
2,The Bloodbound Horror,Aberrant Spellforge,2611,623,610,597,,212451,,inv_raid_aberrantspellforge_pink,,Armor,Trinket,Trinket,,Nerub-ar Palace,"Arcane Mage,Shadow Priest,Destruction Warlock,Balance Druid,Devastation Evoker,Elemental Shaman,Fire Mage,Augmentation Evoker,Frost Mage,Demonology Warlock,Affliction Warlock",102|105|1467|1468|1473|256|257|258|262|264|265|266|267|270|62|63|64|65,"Mage,Evoker,Shaman,Warlock,Priest,Druid",5|7|8|9|11|13,1914 Intellect,INT,,https://www.wowhead.com/item=212451,https://wow.zamimg.com/images/wow/icons/large/inv_raid_aberrantspellforge_pink.jpg
2,The Bloodbound Horror,Creeping Coagulum,2611,623,610,597,,219917,,inv_raid_creepingcoagulum_purple,,Armor,Trinket,Trinket,,Nerub-ar Palace,"Holy Paladin,Preservation Evoker,Restoration Druid,Restoration Shaman,Holy Priest,Discipline Priest,Mistweaver Monk",102|105|1467|1468|1473|256|257|258|262|264|265|266|267|270|62|63|64|65,"Paladin,Monk,Evoker,Shaman,Priest,Druid",2|5|7|10|11|13,1914 Intellect,INT,,https://www.wowhead.com/item=219917,https://wow.zamimg.com/images/wow/icons/large/inv_raid_creepingcoagulum_purple.jpg
2,The Bloodbound Horror,Boots of the Black Bulwark,2611,623,610,597,,225590,,inv_boot_raiddeathknightnerubian_d_01,,Armor,Feet,Plate,,Nerub-ar Palace,"Arms Warrior,Protection Warrior,Unholy Death Knight,Holy Paladin,Frost Death Knight,Retribution Paladin,Blood Death Knight,Fury Warrior,Protection Paladin",250|251|252|65|66|70|71|72|73,"Paladin,Warrior,Death Knight",1|2|6,"6712 Stamina,1510 [Strength or Intellect],737 Haste,314 Mastery",STR/INT,HASTE/MAS,https://www.wowhead.com/item=225590,https://wow.zamimg.com/images/wow/icons/large/inv_boot_raiddeathknightnerubian_d_01.jpg
3,"Sikran, Captain of the Sureki",Duelist's Dancing Steel,2599,626,613,600,,212392,,inv_sword_1h_nerubianraid_d_01,,Weapon,One-Hand,One-Handed Swords,,Nerub-ar Palace,"Fury Warrior,Protection Warrior,Frost Death Knight,Protection Paladin",251|66|72|73,"Paladin,Warrior,Death Knight",1|2|6,"4475 Stamina,1007 Strength,469 Haste,231 Critical Strike",STR,HASTE/CRIT,https://www.wowhead.com/item=212392,https://wow.zamimg.com/images/wow/icons/large/inv_sword_1h_nerubianraid_d_01.jpg
3,"Sikran, Captain of the Sureki",Splintershot Silkbow,2599,626,613,600,,212399,,inv_bow_1h_nerubianraid_d_01,,Weapon,Ranged,Bows,,Nerub-ar Palace,"Beast Mastery Hunter,Marksmanship Hunter",253|254,Hunter,3,"8949 Stamina,2014 Agility,986 Critical Strike,415 Mastery",AGI,CRIT/MAS,https://www.wowhead.com/item=212399,https://wow.zamimg.com/images/wow/icons/large/inv_bow_1h_nerubianraid_d_01.jpg
3,"Sikran, Captain of the Sureki",Flawless Phase Blade,2599,626,613,600,,212405,,inv_sword_1h_nerubianraid_d_01,,Weapon,One-Hand,One-Handed Swords,,Nerub-ar Palace,"Destruction Warlock,Arcane Mage,Holy Paladin,Devastation Evoker,Preservation Evoker,Augmentation Evoker,Fire Mage,Demonology Warlock,Frost Mage,Mistweaver Monk,Affliction Warlock",1467|1468|1473|265|266|267|270|62|63|64|65,"Mage,Paladin,Monk,Evoker,Warlock",2|8|9|10|13,"5864 Intellect,4475 Stamina,464 Critical Strike,237 Mastery",INT,CRIT/MAS,https://www.wowhead.com/item=212405,https://wow.zamimg.com/images/wow/icons/large/inv_sword_1h_nerubianraid_d_01.jpg
3,"Sikran, Captain of the Sureki",Honored Executioner's Perforator,2599,626,613,600,,212413,,inv_polearm_2h_nerubianraid_d_01,,Weapon,Two-Hand,Polearms,,Nerub-ar Palace,"Feral Druid,Guardian Druid,Brewmaster Monk,Windwalker Monk,Survival Hunter",103|104|255|268|269,"Monk,Hunter,Druid",3|10|11,"8949 Stamina,2014 Agility,914 Haste,487 Critical Strike",AGI,HASTE/CRIT,https://www.wowhead.com/item=212413,https://wow.zamimg.com/images/wow/icons/large/inv_polearm_2h_nerubianraid_d_01.jpg
3,"Sikran, Captain of the Sureki",Throne Defender's Bangles,2599,626,613,600,,212415,,inv_bracer_mail_raidshamannerubian_d_01,,Armor,Wrist,Mail,,Nerub-ar Palace,"Enhancement Shaman,Beast Mastery Hunter,Devastation Evoker,Preservation Evoker,Elemental Shaman,Augmentation Evoker,Survival Hunter,Restoration Shaman,Marksmanship Hunter",1467|1468|1473|253|254|255|262|263|264,"Evoker,Hunter,Shaman",3|13|7,"5034 Stamina,1133 [Agility or Intellect],560 Mastery,228 Haste",AGI/INT,MAS/HASTE,https://www.wowhead.com/item=212415,https://wow.zamimg.com/images/wow/icons/large/inv_bracer_mail_raidshamannerubian_d_01.jpg
3,"Sikran, Captain of the Sureki",Cosmic-Tinged Treads,2599,626,613,600,,212416,,inv_cloth_raidwarlocknerubian_d_01_boot,,Armor,Feet,Cloth,,Nerub-ar Palace,"Destruction Warlock,Shadow Priest,Arcane Mage,Fire Mage,Holy Priest,Discipline Priest,Demonology Warlock,Frost Mage,Affliction Warlock",256|257|258|265|266|267|62|63|64,"Warlock,Mage,Priest",8|9|5,"6712 Stamina,1510 Intellect,732 Versatility,318 Mastery",INT,VERS/MAS,https://www.wowhead.com/item=212416,https://wow.zamimg.com/images/wow/icons/large/inv_cloth_raidwarlocknerubian_d_01_boot.jpg
3,"Sikran, Captain of the Sureki",Visor of the Ascended Captain,2599,626,613,600,,212427,,inv_plate_raidpaladinnerubian_d_01_helm,,Armor,Head,Plate,,Nerub-ar Palace,"Arms Warrior,Protection Warrior,Unholy Death Knight,Holy Paladin,Frost Death Knight,Retribution Paladin,Blood Death Knight,Fury Warrior,Protection Paladin",250|251|252|65|66|70|71|72|73,"Paladin,Warrior,Death Knight",1|2|6,"8949 Stamina,2014 [Strength or Intellect],935 Haste,466 Versatility",STR/INT,HASTE/VERS,https://www.wowhead.com/item=212427,https://wow.zamimg.com/images/wow/icons/large/inv_plate_raidpaladinnerubian_d_01_helm.jpg
3,"Sikran, Captain of the Sureki",Chitin-Spiked Jackboots,2599,626,613,600,,212445,,inv_leather_raiddemonhunternerubian_d_01_boot,,Armor,Feet,Leather,,Nerub-ar Palace,"Outlaw Rogue,Havoc Demon Hunter,Feral Druid,Guardian Druid,Brewmaster Monk,Balance Druid,Windwalker Monk,Restoration Druid,Vengeance Demon Hunter,Assassination Rogue,Subtlety Rogue,Mistweaver Monk",102|103|104|105|259|260|261|268|269|270|577|581,"Monk,Rogue,Demon Hunter,Druid",10|11|4|12,"6712 Stamina,1510 [Agility or Intellect],702 Haste,349 Mastery",AGI/INT,HASTE/MAS,https://www.wowhead.com/item=212445,https://wow.zamimg.com/images/wow/icons/large/inv_leather_raiddemonhunternerubian_d_01_boot.jpg
3,"Sikran, Captain of the Sureki",Sikran's Endless Arsenal,2599,626,613,600,,212449,,inv_raid_sikransarsenal_purple,,Armor,Trinket,Trinket,,Nerub-ar Palace,"Outlaw Rogue,Havoc Demon Hunter,Enhancement Shaman,Feral Druid,Unholy Death Knight,Windwalker Monk,Frost Death Knight,Retribution Paladin,Fury Warrior,Survival Hunter,Assassination Rogue,Subtlety Rogue,Arms Warrior",103|104|250|251|252|253|254|255|259|260|261|263|268|269|577|581|66|70|71|72|73,"Paladin,Demon Hunter,Death Knight,Monk,Shaman,Hunter,Rogue,Warrior,Druid",1|2|3|4|6|7|10|11|12,1914 [Agility or Strength],AGI/STR,,https://www.wowhead.com/item=212449,https://wow.zamimg.com/images/wow/icons/large/inv_raid_sikransarsenal_purple.jpg
3,"Sikran, Captain of the Sureki",Sureki Zealot's Insignia,2599,639,626,613,,225577,,inv_nerubian_necklace_01_color4,Very Rare,Armor,Neck,,,Nerub-ar Palace,,,,,"5034 Stamina,2735 Haste,510 Mastery",,HASTE/MAS,https://www.wowhead.com/item=225577,https://wow.zamimg.com/images/wow/icons/large/inv_nerubian_necklace_01_color4.jpg
3,"Sikran, Captain of the Sureki",Dreadful Stalwart's Emblem,2599,626,613,600,t,225618,,inv_sword_1h_nerubianraid_d_01_nv,,Miscellaneous,Hands,Token,Dreadful,Nerub-ar Palace,"Havoc Demon Hunter,Unholy Death Knight,Destruction Warlock,Frost Death Knight,Vengeance Demon Hunter,Blood Death Knight,Demonology Warlock,Affliction Warlock",,"Warlock,Demon Hunter,Death Knight",9|12|6,,,,https://www.wowhead.com/item=225618,https://wow.zamimg.com/images/wow/icons/large/inv_sword_1h_nerubianraid_d_01_nv.jpg
3,"Sikran, Captain of the Sureki",Mystic Stalwart's Emblem,2599,626,613,600,t,225619,,inv_sword_1h_nerubianraid_d_01_nv,,Miscellaneous,Hands,Token,Mystic,Nerub-ar Palace,"Feral Druid,Arcane Mage,Guardian Druid,Balance Druid,Beast Mastery Hunter,Fire Mage,Restoration Druid,Survival Hunter,Frost Mage,Marksmanship Hunter",,"Mage,Hunter,Druid",8|3|11,,,,https://www.wowhead.com/item=225619,https://wow.zamimg.com/images/wow/icons/large/inv_sword_1h_nerubianraid_d_01_nv.jpg
3,"Sikran, Captain of the Sureki",Venerated Stalwart's Emblem,2599,626,613,600,t,225620,,inv_sword_1h_nerubianraid_d_01_nv,,Miscellaneous,Hands,Token,Venerated,Nerub-ar Palace,"Enhancement Shaman,Shadow Priest,Holy Paladin,Elemental Shaman,Restoration Shaman,Retribution Paladin,Holy Priest,Discipline Priest,Protection Paladin",,"Paladin,Priest,Shaman",2|5|7,,,,https://www.wowhead.com/item=225620,https://wow.zamimg.com/images/wow/icons/large/inv_sword_1h_nerubianraid_d_01_nv.jpg
3,"Sikran, Captain of the Sureki",Zenith Stalwart's Emblem,2599,626,613,600,t,225621,,inv_sword_1h_nerubianraid_d_01_nv,,Miscellaneous,Hands,Token,Zenith,Nerub-ar Palace,"Outlaw Rogue,Protection Warrior,Brewmaster Monk,Windwalker Monk,Devastation Evoker,Preservation Evoker,Augmentation Evoker,Fury Warrior,Assassination Rogue,Subtlety Rogue,Mistweaver Monk,Arms Warrior",,"Monk,Rogue,Evoker,Warrior",1|10|4|13,,,,https://www.wowhead.com/item=225621,https://wow.zamimg.com/images/wow/icons/large/inv_sword_1h_nerubianraid_d_01_nv.jpg
4,Rasha'nan,Predator's Feasthooks,2609,626,613,600,,212391,,inv_glaive_1h_nerubianraid_d_01,,Weapon,One-Hand,Warglaives,,Nerub-ar Palace,"Havoc Demon Hunter,Vengeance Demon Hunter",577|581,Demon Hunter,12,"4475 Stamina,1007 Agility,483 Critical Strike,218 Mastery",AGI,CRIT/MAS,https://www.wowhead.com/item=212391,https://wow.zamimg.com/images/wow/icons/large/inv_glaive_1h_nerubianraid_d_01.jpg
4,Rasha'nan,Bludgeons of Blistering Wind,2609,626,613,600,,212398,,inv_mace_1h_nerubianraid_d_01,,Weapon,One-Hand,One-Handed Maces,,Nerub-ar Palace,"Outlaw Rogue,Windwalker Monk,Enhancement Shaman,Brewmaster Monk",260|263|268|269,"Monk,Rogue,Shaman",10|4|7,"4475 Stamina,1007 Agility,463 Mastery,237 Critical Strike",AGI,MAS/CRIT,https://www.wowhead.com/item=212398,https://wow.zamimg.com/images/wow/icons/large/inv_mace_1h_nerubianraid_d_01.jpg
4,Rasha'nan,Ravaged Lamplighter's Manacles,2609,626,613,600,,212437,,inv_bracer_raiddeathknightnerubian_d_01,,Armor,Wrist,Plate,,Nerub-ar Palace,"Arms Warrior,Protection Warrior,Unholy Death Knight,Holy Paladin,Frost Death Knight,Retribution Paladin,Blood Death Knight,Fury Warrior,Protection Paladin",250|251|252|65|66|70|71|72|73,"Paladin,Warrior,Death Knight",1|2|6,"5034 Stamina,1133 [Strength or Intellect],513 Critical Strike,275 Haste",STR/INT,CRIT/HASTE,https://www.wowhead.com/item=212437,https://wow.zamimg.com/images/wow/icons/large/inv_bracer_raiddeathknightnerubian_d_01.jpg
4,Rasha'nan,Devotee's Discarded Headdress,2609,626,613,600,,212440,,inv_cloth_raidwarlocknerubian_d_01_helm,,Armor,Head,Cloth,,Nerub-ar Palace,"Destruction Warlock,Shadow Priest,Arcane Mage,Fire Mage,Holy Priest,Discipline Priest,Demonology Warlock,Frost Mage,Affliction Warlock",256|257|258|265|266|267|62|63|64,"Warlock,Mage,Priest",8|9|5,"8949 Stamina,2014 Intellect,934 Haste,467 Critical Strike",INT,HASTE/CRIT,https://www.wowhead.com/item=212440,https://wow.zamimg.com/images/wow/icons/large/inv_cloth_raidwarlocknerubian_d_01_helm.jpg
4,Rasha'nan,Locket of Broken Memories,2609,626,613,600,,212448,,inv_nerubian_necklace_02_color3,,Armor,Neck,,,Nerub-ar Palace,,,,,"5034 Stamina,2596 Critical Strike,649 Haste",,CRIT/HASTE,https://www.wowhead.com/item=212448,https://wow.zamimg.com/images/wow/icons/large/inv_nerubian_necklace_02_color3.jpg
4,Rasha'nan,Skyterror's Corrosive Organ,2609,626,613,600,,212453,,inv_raid_oversizedacidgland_green,,Armor,Trinket,Trinket,,Nerub-ar Palace,"Protection Paladin,Protection Warrior,Unholy Death Knight,Frost Death Knight,Retribution Paladin,Fury Warrior,Blood Death Knight,Arms Warrior",250|251|252|66|70|71|72|73,"Paladin,Warrior,Death Knight",1|2|6,1914 Strength,STR,,https://www.wowhead.com/item=212453,https://wow.zamimg.com/images/wow/icons/large/inv_raid_oversizedacidgland_green.jpg
4,Rasha'nan,Wings of Shattered Sorrow,2609,639,626,613,,225574,,inv_leather_raiddemonhunternerubian_d_01_cape,Very Rare,Armor,Back,,,Nerub-ar Palace,,,,,"5034 Stamina,1133 [Agility or Strength or Intellect],563 Critical Strike,225 Haste",AGI/STR/INT,CRIT/HASTE,https://www.wowhead.com/item=225574,https://wow.zamimg.com/images/wow/icons/large/inv_leather_raiddemonhunternerubian_d_01_cape.jpg
4,Rasha'nan,Behemoth's Eroded Cinch,2609,626,613,600,,225583,,inv_leather_raiddemonhunternerubian_d_01_belt,,Armor,Waist,Leather,,Nerub-ar Palace,"Outlaw Rogue,Havoc Demon Hunter,Feral Druid,Guardian Druid,Brewmaster Monk,Balance Druid,Windwalker Monk,Restoration Druid,Vengeance Demon Hunter,Assassination Rogue,Subtlety Rogue,Mistweaver Monk",102|103|104|105|259|260|261|268|269|270|577|581,"Monk,Rogue,Demon Hunter,Druid",10|11|4|12,"6712 Stamina,1510 [Agility or Intellect],698 Haste,353 Critical Strike",AGI/INT,HASTE/CRIT,https://www.wowhead.com/item=225583,https://wow.zamimg.com/images/wow/icons/large/inv_leather_raiddemonhunternerubian_d_01_belt.jpg
4,Rasha'nan,Rasha'nan's Grotesque Talons,2609,626,613,600,,225586,,inv_boot_mail_raidevokernerubian_d_01,,Armor,Feet,Mail,,Nerub-ar Palace,"Enhancement Shaman,Beast Mastery Hunter,Devastation Evoker,Preservation Evoker,Elemental Shaman,Augmentation Evoker,Survival Hunter,Restoration Shaman,Marksmanship Hunter",1467|1468|1473|253|254|255|262|263|264,"Evoker,Hunter,Shaman",3|13|7,"6712 Stamina,1510 [Agility or Intellect],737 Critical Strike,313 Haste",AGI/INT,CRIT/HASTE,https://www.wowhead.com/item=225586,https://wow.zamimg.com/images/wow/icons/large/inv_boot_mail_raidevokernerubian_d_01.jpg
4,Rasha'nan,Dreadful Obscenity's Idol,2609,626,613,600,t,225630,,inv_staff_2h_nerubianraid_d_02_nv,,Miscellaneous,Shoulder,Token,Dreadful,Nerub-ar Palace,"Havoc Demon Hunter,Unholy Death Knight,Destruction Warlock,Frost Death Knight,Vengeance Demon Hunter,Blood Death Knight,Demonology Warlock,Affliction Warlock",,"Warlock,Demon Hunter,Death Knight",9|12|6,,,,https://www.wowhead.com/item=225630,https://wow.zamimg.com/images/wow/icons/large/inv_staff_2h_nerubianraid_d_02_nv.jpg
4,Rasha'nan,Mystic Obscenity's Idol,2609,626,613,600,t,225631,,inv_staff_2h_nerubianraid_d_02_nv,,Miscellaneous,Shoulder,Token,Mystic,Nerub-ar Palace,"Feral Druid,Arcane Mage,Guardian Druid,Balance Druid,Beast Mastery Hunter,Fire Mage,Restoration Druid,Survival Hunter,Frost Mage,Marksmanship Hunter",,"Mage,Hunter,Druid",8|3|11,,,,https://www.wowhead.com/item=225631,https://wow.zamimg.com/images/wow/icons/large/inv_staff_2h_nerubianraid_d_02_nv.jpg
4,Rasha'nan,Venerated Obscenity's Idol,2609,626,613,600,t,225632,,inv_staff_2h_nerubianraid_d_02_nv,,Miscellaneous,Shoulder,Token,Venerated,Nerub-ar Palace,"Enhancement Shaman,Shadow Priest,Holy Paladin,Elemental Shaman,Restoration Shaman,Retribution Paladin,Holy Priest,Discipline Priest,Protection Paladin",,"Paladin,Priest,Shaman",2|5|7,,,,https://www.wowhead.com/item=225632,https://wow.zamimg.com/images/wow/icons/large/inv_staff_2h_nerubianraid_d_02_nv.jpg
4,Rasha'nan,Zenith Obscenity's Idol,2609,626,613,600,t,225633,,inv_staff_2h_nerubianraid_d_02_nv,,Miscellaneous,Shoulder,Token,Zenith,Nerub-ar Palace,"Outlaw Rogue,Protection Warrior,Brewmaster Monk,Windwalker Monk,Devastation Evoker,Preservation Evoker,Augmentation Evoker,Fury Warrior,Assassination Rogue,Subtlety Rogue,Mistweaver Monk,Arms Warrior",,"Monk,Rogue,Evoker,Warrior",1|10|4|13,,,,https://www.wowhead.com/item=225633,https://wow.zamimg.com/images/wow/icons/large/inv_staff_2h_nerubianraid_d_02_nv.jpg
5,Broodtwister Ovi'nax,Broodtwister's Grim Catalyst,2612,629,616,603,,212387,,inv_offhand_1h_nerubianraid_d_01,,Armor,Held In Off-hand,Miscellaneous,,Nerub-ar Palace,"Destruction Warlock,Shadow Priest,Arcane Mage,Balance Druid,Holy Paladin,Devastation Evoker,Preservation Evoker,Elemental Shaman,Restoration Druid,Augmentation Evoker,Holy Priest,Restoration Shaman,Fire Mage,Discipline Priest,Demonology Warlock,Frost Mage,Mistweaver Monk,Affliction Warlock",102|105|1467|1468|1473|256|257|258|262|264|265|266|267|270|62|63|64|65,"Mage,Paladin,Monk,Evoker,Shaman,Warlock,Priest,Druid",2|5|7|8|9|10|11|13,"4475 Stamina,3088 Intellect,380 Versatility,320 Critical Strike",INT,VERS/CRIT,https://www.wowhead.com/item=212387,https://wow.zamimg.com/images/wow/icons/large/inv_offhand_1h_nerubianraid_d_01.jpg
5,Broodtwister Ovi'nax,Spire of Transfused Horrors,2612,629,616,603,,212389,,inv_staff_2h_nerubianraid_d_01,,Weapon,Two-Hand,Staves,,Nerub-ar Palace,"Feral Druid,Guardian Druid,Brewmaster Monk,Windwalker Monk,Survival Hunter",103|104|255|268|269,"Monk,Hunter,Druid",3|10|11,"8949 Stamina,2014 Agility,923 Versatility,478 Mastery",AGI,VERS/MAS,https://www.wowhead.com/item=212389,https://wow.zamimg.com/images/wow/icons/large/inv_staff_2h_nerubianraid_d_01.jpg
5,Broodtwister Ovi'nax,Black Blood Injectors,2612,629,616,603,,212418,,inv_glove_raiddeathknightnerubian_d_01,,Armor,Hands,Plate,,Nerub-ar Palace,"Arms Warrior,Protection Warrior,Unholy Death Knight,Holy Paladin,Frost Death Knight,Retribution Paladin,Blood Death Knight,Fury Warrior,Protection Paladin",250|251|252|65|66|70|71|72|73,"Paladin,Warrior,Death Knight",1|2|6,"6712 Stamina,1510 [Strength or Intellect],690 Mastery,361 Haste",STR/INT,MAS/HASTE,https://www.wowhead.com/item=212418,https://wow.zamimg.com/images/wow/icons/large/inv_glove_raiddeathknightnerubian_d_01.jpg
5,Broodtwister Ovi'nax,Gruesome Syringe,2612,629,616,603,,212452,,inv_raid_gruesomesyringe_red,,Armor,Trinket,Trinket,,Nerub-ar Palace,"Holy Paladin,Preservation Evoker,Restoration Druid,Restoration Shaman,Holy Priest,Discipline Priest,Mistweaver Monk",,"Paladin,Monk,Evoker,Shaman,Priest,Druid",2|5|7|10|11|13,1001 Critical Strike,,CRIT,https://www.wowhead.com/item=212452,https://wow.zamimg.com/images/wow/icons/large/inv_raid_gruesomesyringe_red.jpg
5,Broodtwister Ovi'nax,Ovi'nax's Mercurial Egg,2612,629,616,603,,220305,,inv_raid_mercurialegg_purple,,Armor,Trinket,Trinket,,Nerub-ar Palace,,,,,,,,https://www.wowhead.com/item=220305,https://wow.zamimg.com/images/wow/icons/large/inv_raid_mercurialegg_purple.jpg
5,Broodtwister Ovi'nax,Writhing Ringworm,2612,629,616,603,,225576,,inv_qiraj_skinsandworm,,Armor,Finger,,,Nerub-ar Palace,,,,,"5034 Stamina,2504 Mastery,742 Haste",,MAS/HASTE,https://www.wowhead.com/item=225576,https://wow.zamimg.com/images/wow/icons/large/inv_qiraj_skinsandworm.jpg
5,Broodtwister Ovi'nax,Accelerated Ascension Coil,2612,629,616,603,,225580,,inv_belt_mail_raidevokernerubian_d_01,,Armor,Waist,Mail,,Nerub-ar Palace,"Enhancement Shaman,Beast Mastery Hunter,Devastation Evoker,Preservation Evoker,Elemental Shaman,Augmentation Evoker,Survival Hunter,Restoration Shaman,Marksmanship Hunter",1467|1468|1473|253|254|255|262|263|264,"Evoker,Hunter,Shaman",3|13|7,"6712 Stamina,1510 [Agility or Intellect],707 Critical Strike,344 Versatility",AGI/INT,CRIT/VERS,https://www.wowhead.com/item=225580,https://wow.zamimg.com/images/wow/icons/large/inv_belt_mail_raidevokernerubian_d_01.jpg
5,Broodtwister Ovi'nax,Assimilated Eggshell Slippers,2612,629,616,603,,225582,,inv_boot_cloth_raidmagenerubian_d_01,,Armor,Feet,Cloth,,Nerub-ar Palace,"Destruction Warlock,Shadow Priest,Arcane Mage,Fire Mage,Holy Priest,Discipline Priest,Demonology Warlock,Frost Mage,Affliction Warlock",256|257|258|265|266|267|62|63|64,"Warlock,Mage,Priest",8|9|5,"6712 Stamina,1510 Intellect,738 Mastery,313 Haste",INT,MAS/HASTE,https://www.wowhead.com/item=225582,https://wow.zamimg.com/images/wow/icons/large/inv_boot_cloth_raidmagenerubian_d_01.jpg
5,Broodtwister Ovi'nax,Sanguine Experiment's Bandages,2612,629,616,603,,225588,,inv_bracer_leather_raidmonknerubian_d_01,,Armor,Wrist,Leather,,Nerub-ar Palace,"Outlaw Rogue,Havoc Demon Hunter,Feral Druid,Guardian Druid,Brewmaster Monk,Balance Druid,Windwalker Monk,Restoration Druid,Vengeance Demon Hunter,Assassination Rogue,Subtlety Rogue,Mistweaver Monk",102|103|104|105|259|260|261|268|269|270|577|581,"Monk,Rogue,Demon Hunter,Druid",10|11|4|12,"5034 Stamina,1133 [Agility or Intellect],561 Critical Strike,228 Versatility",AGI/INT,CRIT/VERS,https://www.wowhead.com/item=225588,https://wow.zamimg.com/images/wow/icons/large/inv_bracer_leather_raidmonknerubian_d_01.jpg
5,Broodtwister Ovi'nax,Dreadful Blasphemer's Effigy,2612,629,616,603,t,225614,,inv_axe_2h_nerubianraid_d_01_nv,,Miscellaneous,Chest,Token,Dreadful,Nerub-ar Palace,"Havoc Demon Hunter,Unholy Death Knight,Destruction Warlock,Frost Death Knight,Vengeance Demon Hunter,Blood Death Knight,Demonology Warlock,Affliction Warlock",,"Warlock,Demon Hunter,Death Knight",9|12|6,,,,https://www.wowhead.com/item=225614,https://wow.zamimg.com/images/wow/icons/large/inv_axe_2h_nerubianraid_d_01_nv.jpg
5,Broodtwister Ovi'nax,Mystic Blasphemer's Effigy,2612,629,616,603,t,225615,,inv_axe_2h_nerubianraid_d_01_nv,,Miscellaneous,Chest,Token,Mystic,Nerub-ar Palace,"Feral Druid,Arcane Mage,Guardian Druid,Balance Druid,Beast Mastery Hunter,Fire Mage,Restoration Druid,Survival Hunter,Frost Mage,Marksmanship Hunter",,"Mage,Hunter,Druid",8|3|11,,,,https://www.wowhead.com/item=225615,https://wow.zamimg.com/images/wow/icons/large/inv_axe_2h_nerubianraid_d_01_nv.jpg
5,Broodtwister Ovi'nax,Venerated Blasphemer's Effigy,2612,629,616,603,t,225616,,inv_axe_2h_nerubianraid_d_01_nv,,Miscellaneous,Chest,Token,Venerated,Nerub-ar Palace,"Enhancement Shaman,Shadow Priest,Holy Paladin,Elemental Shaman,Restoration Shaman,Retribution Paladin,Holy Priest,Discipline Priest,Protection Paladin",,"Paladin,Priest,Shaman",2|5|7,,,,https://www.wowhead.com/item=225616,https://wow.zamimg.com/images/wow/icons/large/inv_axe_2h_nerubianraid_d_01_nv.jpg
5,Broodtwister Ovi'nax,Zenith Blasphemer's Effigy,2612,629,616,603,t,225617,,inv_axe_2h_nerubianraid_d_01_nv,,Miscellaneous,Chest,Token,Zenith,Nerub-ar Palace,"Outlaw Rogue,Protection Warrior,Brewmaster Monk,Windwalker Monk,Devastation Evoker,Preservation Evoker,Augmentation Evoker,Fury Warrior,Assassination Rogue,Subtlety Rogue,Mistweaver Monk,Arms Warrior",,"Monk,Rogue,Evoker,Warrior",1|10|4|13,,,,https://www.wowhead.com/item=225617,https://wow.zamimg.com/images/wow/icons/large/inv_axe_2h_nerubianraid_d_01_nv.jpg
6,Nexus-Princess Ky'veza,Shade-Touched Silencer,2601,629,616,603,,212400,,inv_crossbow_2h_nerubianraid_d_01,,Weapon,Ranged,Crossbows,,Nerub-ar Palace,"Beast Mastery Hunter,Marksmanship Hunter",253|254,Hunter,3,"8949 Stamina,2014 Agility,919 Haste,482 Critical Strike",AGI,HASTE/CRIT,https://www.wowhead.com/item=212400,https://wow.zamimg.com/images/wow/icons/large/inv_crossbow_2h_nerubianraid_d_01.jpg
6,Nexus-Princess Ky'veza,Bindings of the Starless Night,2601,629,616,603,,212441,,inv_cloth_raidpriestnerubian_d_01_glove,,Armor,Hands,Cloth,,Nerub-ar Palace,"Destruction Warlock,Shadow Priest,Arcane Mage,Fire Mage,Holy Priest,Discipline Priest,Demonology Warlock,Frost Mage,Affliction Warlock",256|257|258|265|266|267|62|63|64,"Warlock,Mage,Priest",8|9|5,"6712 Stamina,1510 Intellect,699 Haste,352 Versatility",INT,HASTE/VERS,https://www.wowhead.com/item=212441,https://wow.zamimg.com/images/wow/icons/large/inv_cloth_raidpriestnerubian_d_01_glove.jpg
6,Nexus-Princess Ky'veza,Void Reaper's Contract,2601,629,616,603,,212456,,inv_10_inscription2_repcontracts_trade_archaeology_apexisscroll_uprez_color4,,Armor,Trinket,Trinket,,Nerub-ar Palace,"Outlaw Rogue,Havoc Demon Hunter,Enhancement Shaman,Feral Druid,Guardian Druid,Brewmaster Monk,Beast Mastery Hunter,Windwalker Monk,Vengeance Demon Hunter,Survival Hunter,Assassination Rogue,Marksmanship Hunter,Subtlety Rogue",103|104|253|254|255|259|260|261|263|268|269|577|581,"Demon Hunter,Monk,Shaman,Hunter,Rogue,Druid",3|4|7|10|11|12,1914 Agility,AGI,,https://www.wowhead.com/item=212456,https://wow.zamimg.com/images/wow/icons/large/inv_10_inscription2_repcontracts_trade_archaeology_apexisscroll_uprez_color4.jpg
6,Nexus-Princess Ky'veza,Void Reaper's Warp Blade,2601,629,616,603,,219877,,inv_hand_1h_nerubianraid_d_02_blue,Very Rare,Weapon,One-Hand,Fist Weapons,,Nerub-ar Palace,"Outlaw Rogue,Havoc Demon Hunter,Enhancement Shaman,Brewmaster Monk,Windwalker Monk,Vengeance Demon Hunter",260|263|268|269|577|581,"Monk,Rogue,Demon Hunter,Shaman",10|4|12|7,"4475 Stamina,1007 Agility,700 Critical Strike",AGI,CRIT,https://www.wowhead.com/item=219877,https://wow.zamimg.com/images/wow/icons/large/inv_hand_1h_nerubianraid_d_02_blue.jpg
6,Nexus-Princess Ky'veza,Treacherous Transmitter,2601,629,616,603,,221023,,inv_etherealraid_communicator_color1,,Armor,Trinket,Trinket,,Nerub-ar Palace,,,,,1001 Haste,,HASTE,https://www.wowhead.com/item=221023,https://wow.zamimg.com/images/wow/icons/large/inv_etherealraid_communicator_color1.jpg
6,Nexus-Princess Ky'veza,Ky'veza's Covert Clasps,2601,629,616,603,,225581,,inv_mail_raidhunternerubian_d_01_bracer,,Armor,Wrist,Mail,,Nerub-ar Palace,"Enhancement Shaman,Beast Mastery Hunter,Devastation Evoker,Preservation Evoker,Elemental Shaman,Augmentation Evoker,Survival Hunter,Restoration Shaman,Marksmanship Hunter",1467|1468|1473|253|254|255|262|263|264,"Evoker,Hunter,Shaman",3|13|7,"5034 Stamina,1133 [Agility or Intellect],539 Haste,249 Critical Strike",AGI/INT,HASTE/CRIT,https://www.wowhead.com/item=225581,https://wow.zamimg.com/images/wow/icons/large/inv_mail_raidhunternerubian_d_01_bracer.jpg
6,Nexus-Princess Ky'veza,Nether Bounty's Greatbelt,2601,629,616,603,,225589,,inv_belt_plate_raidwarriornerubian_d_01,,Armor,Waist,Plate,,Nerub-ar Palace,"Arms Warrior,Protection Warrior,Unholy Death Knight,Holy Paladin,Frost Death Knight,Retribution Paladin,Blood Death Knight,Fury Warrior,Protection Paladin",250|251|252|65|66|70|71|72|73,"Paladin,Warrior,Death Knight",1|2|6,"6712 Stamina,1510 [Strength or Intellect],692 Haste,358 Critical Strike",STR/INT,HASTE/CRIT,https://www.wowhead.com/item=225589,https://wow.zamimg.com/images/wow/icons/large/inv_belt_plate_raidwarriornerubian_d_01.jpg
6,Nexus-Princess Ky'veza,Fleeting Massacre Footpads,2601,629,616,603,,225591,,inv_boot_leather_raidroguenerubian_d_01,,Armor,Feet,Leather,,Nerub-ar Palace,"Outlaw Rogue,Havoc Demon Hunter,Feral Druid,Guardian Druid,Brewmaster Monk,Balance Druid,Windwalker Monk,Restoration Druid,Vengeance Demon Hunter,Assassination Rogue,Subtlety Rogue,Mistweaver Monk",102|103|104|105|259|260|261|268|269|270|577|581,"Monk,Rogue,Demon Hunter,Druid",10|11|4|12,"6712 Stamina,1510 [Agility or Intellect],689 Versatility,362 Mastery",AGI/INT,VERS/MAS,https://www.wowhead.com/item=225591,https://wow.zamimg.com/images/wow/icons/large/inv_boot_leather_raidroguenerubian_d_01.jpg
6,Nexus-Princess Ky'veza,Dreadful Slayer's Icon,2601,629,616,603,t,225626,,inv_polearm_2h_nerubianraid_d_01_nv,,Miscellaneous,Legs,Token,Dreadful,Nerub-ar Palace,"Havoc Demon Hunter,Unholy Death Knight,Destruction Warlock,Frost Death Knight,Vengeance Demon Hunter,Blood Death Knight,Demonology Warlock,Affliction Warlock",,"Warlock,Demon Hunter,Death Knight",9|12|6,,,,https://www.wowhead.com/item=225626,https://wow.zamimg.com/images/wow/icons/large/inv_polearm_2h_nerubianraid_d_01_nv.jpg
6,Nexus-Princess Ky'veza,Mystic Slayer's Icon,2601,629,616,603,t,225627,,inv_polearm_2h_nerubianraid_d_01_nv,,Miscellaneous,Legs,Token,Mystic,Nerub-ar Palace,"Feral Druid,Arcane Mage,Guardian Druid,Balance Druid,Beast Mastery Hunter,Fire Mage,Restoration Druid,Survival Hunter,Frost Mage,Marksmanship Hunter",,"Mage,Hunter,Druid",8|3|11,,,,https://www.wowhead.com/item=225627,https://wow.zamimg.com/images/wow/icons/large/inv_polearm_2h_nerubianraid_d_01_nv.jpg
6,Nexus-Princess Ky'veza,Venerated Slayer's Icon,2601,629,616,603,t,225628,,inv_polearm_2h_nerubianraid_d_01_nv,,Miscellaneous,Legs,Token,Venerated,Nerub-ar Palace,"Enhancement Shaman,Shadow Priest,Holy Paladin,Elemental Shaman,Restoration Shaman,Retribution Paladin,Holy Priest,Discipline Priest,Protection Paladin",,"Paladin,Priest,Shaman",2|5|7,,,,https://www.wowhead.com/item=225628,https://wow.zamimg.com/images/wow/icons/large/inv_polearm_2h_nerubianraid_d_01_nv.jpg
6,Nexus-Princess Ky'veza,Zenith Slayer's Icon,2601,629,616,603,t,225629,,inv_polearm_2h_nerubianraid_d_01_nv,,Miscellaneous,Legs,Token,Zenith,Nerub-ar Palace,"Outlaw Rogue,Protection Warrior,Brewmaster Monk,Windwalker Monk,Devastation Evoker,Preservation Evoker,Augmentation Evoker,Fury Warrior,Assassination Rogue,Subtlety Rogue,Mistweaver Monk,Arms Warrior",,"Monk,Rogue,Evoker,Warrior",1|10|4|13,,,,https://www.wowhead.com/item=225629,https://wow.zamimg.com/images/wow/icons/large/inv_polearm_2h_nerubianraid_d_01_nv.jpg
6,Nexus-Princess Ky'veza,Regicide,2601,629,616,603,,225636,,inv_knife_1h_nerubianraid_d_01,,Weapon,One-Hand,Daggers,,Nerub-ar Palace,"Subtlety Rogue,Assassination Rogue",259|261,Rogue,4,"4475 Stamina,1007 Agility,473 Haste,228 Mastery",AGI,HASTE/MAS,https://www.wowhead.com/item=225636,https://wow.zamimg.com/images/wow/icons/large/inv_knife_1h_nerubianraid_d_01.jpg
7,The Silken Court,Takazj's Entropic Edict,2608,632,619,606,,212397,,inv_staff_2h_nerubianraid_d_02,,Weapon,Two-Hand,Staves,,Nerub-ar Palace,"Destruction Warlock,Shadow Priest,Arcane Mage,Balance Druid,Devastation Evoker,Preservation Evoker,Elemental Shaman,Restoration Druid,Augmentation Evoker,Holy Priest,Restoration Shaman,Fire Mage,Discipline Priest,Demonology Warlock,Frost Mage,Mistweaver Monk,Affliction Warlock",102|105|1467|1468|1473|256|257|258|262|264|265|266|267|270|62|63|64,"Mage,Monk,Evoker,Shaman,Warlock,Priest,Druid",5|7|8|9|10|11|13,"8952 Intellect,8949 Stamina,987 Mastery,413 Haste",INT,MAS/HASTE,https://www.wowhead.com/item=212397,https://wow.zamimg.com/images/wow/icons/large/inv_staff_2h_nerubianraid_d_02.jpg
7,The Silken Court,Anub'arash's Colossal Mandible,2608,632,619,606,,212407,,inv_axe_2h_nerubianraid_d_01,,Weapon,Two-Hand,Two-Handed Axes,,Nerub-ar Palace,"Unholy Death Knight,Frost Death Knight,Retribution Paladin,Blood Death Knight,Fury Warrior,Arms Warrior",250|251|252|70|71|72,"Paladin,Warrior,Death Knight",1|2|6,"8949 Stamina,2014 Strength,969 Critical Strike,432 Mastery",STR,CRIT/MAS,https://www.wowhead.com/item=212407,https://wow.zamimg.com/images/wow/icons/large/inv_axe_2h_nerubianraid_d_01.jpg
7,The Silken Court,Whispering Voidlight Spaulders,2608,632,619,606,,212429,,inv_shoulder_mail_raidevokernerubian_d_01,,Armor,Shoulder,Mail,,Nerub-ar Palace,"Enhancement Shaman,Beast Mastery Hunter,Devastation Evoker,Preservation Evoker,Elemental Shaman,Augmentation Evoker,Survival Hunter,Restoration Shaman,Marksmanship Hunter",1467|1468|1473|253|254|255|262|263|264,"Evoker,Hunter,Shaman",3|13|7,"6712 Stamina,1510 [Agility or Intellect],731 Mastery,320 Critical Strike",AGI/INT,MAS/CRIT,https://www.wowhead.com/item=212429,https://wow.zamimg.com/images/wow/icons/large/inv_shoulder_mail_raidevokernerubian_d_01.jpg
7,The Silken Court,Thousand-Scar Impalers,2608,632,619,606,,212432,,inv_glove_leather_raiddruidnerubian_d_01,,Armor,Hands,Leather,,Nerub-ar Palace,"Outlaw Rogue,Havoc Demon Hunter,Feral Druid,Guardian Druid,Brewmaster Monk,Balance Druid,Windwalker Monk,Restoration Druid,Vengeance Demon Hunter,Assassination Rogue,Subtlety Rogue,Mistweaver Monk",102|103|104|105|259|260|261|268|269|270|577|581,"Monk,Rogue,Demon Hunter,Druid",10|11|4|12,"6712 Stamina,1510 [Agility or Intellect],730 Critical Strike,320 Haste",AGI/INT,CRIT/HASTE,https://www.wowhead.com/item=212432,https://wow.zamimg.com/images/wow/icons/large/inv_glove_leather_raiddruidnerubian_d_01.jpg
7,The Silken Court,Shattershell Greaves,2608,632,619,606,,212443,,inv_plate_raidpaladinnerubian_d_01_boot,,Armor,Feet,Plate,,Nerub-ar Palace,"Arms Warrior,Protection Warrior,Unholy Death Knight,Holy Paladin,Frost Death Knight,Retribution Paladin,Blood Death Knight,Fury Warrior,Protection Paladin",250|251|252|65|66|70|71|72|73,"Paladin,Warrior,Death Knight",1|2|6,"6712 Stamina,1510 [Strength or Intellect],697 Versatility,353 Critical Strike",STR/INT,VERS/CRIT,https://www.wowhead.com/item=212443,https://wow.zamimg.com/images/wow/icons/large/inv_plate_raidpaladinnerubian_d_01_boot.jpg
7,The Silken Court,Swarmlord's Authority,2608,632,619,606,,212450,,inv_raid_swarmlordsauthority_purple,,Armor,Trinket,Trinket,,Nerub-ar Palace,"Protection Warrior,Guardian Druid,Brewmaster Monk,Vengeance Demon Hunter,Blood Death Knight,Protection Paladin",,"Paladin,Demon Hunter,Death Knight,Monk,Warrior,Druid",1|2|6|10|11|12,1001 Haste,,HASTE,https://www.wowhead.com/item=212450,https://wow.zamimg.com/images/wow/icons/large/inv_raid_swarmlordsauthority_purple.jpg
7,The Silken Court,Spymaster's Web,2608,632,619,606,,220202,,inv_11_0_raid_spymastersweb_purple,,Armor,Trinket,Trinket,,Nerub-ar Palace,"Arcane Mage,Shadow Priest,Destruction Warlock,Balance Druid,Holy Paladin,Devastation Evoker,Preservation Evoker,Elemental Shaman,Fire Mage,Restoration Druid,Holy Priest,Restoration Shaman,Augmentation Evoker,Frost Mage,Discipline Priest,Demonology Warlock,Mistweaver Monk,Affliction Warlock",,"Mage,Paladin,Monk,Evoker,Shaman,Warlock,Priest,Druid",2|5|7|8|9|10|11|13,1001 Mastery,,MAS,https://www.wowhead.com/item=220202,https://wow.zamimg.com/images/wow/icons/large/inv_11_0_raid_spymastersweb_purple.jpg
7,The Silken Court,Silken Advisor's Favor,2608,632,619,606,,225575,,inv_11_0_nerubian_necklace_02_color5,,Armor,Neck,,,Nerub-ar Palace,,,,,"5034 Stamina,2689 Versatility,556 Mastery",,VERS/MAS,https://www.wowhead.com/item=225575,https://wow.zamimg.com/images/wow/icons/large/inv_11_0_nerubian_necklace_02_color5.jpg
7,The Silken Court,Skeinspinner's Duplicitous Cuffs,2608,632,619,606,,225584,,inv_bracer_cloth_raidmagenerubian_d_01,,Armor,Wrist,Cloth,,Nerub-ar Palace,"Destruction Warlock,Shadow Priest,Arcane Mage,Fire Mage,Holy Priest,Discipline Priest,Demonology Warlock,Frost Mage,Affliction Warlock",256|257|258|265|266|267|62|63|64,"Warlock,Mage,Priest",8|9|5,"5034 Stamina,1133 Intellect,519 Haste,269 Mastery",INT,HASTE/MAS,https://www.wowhead.com/item=225584,https://wow.zamimg.com/images/wow/icons/large/inv_bracer_cloth_raidmagenerubian_d_01.jpg
7,The Silken Court,Dreadful Conniver's Badge,2608,632,619,606,t,225622,,inv_shield_1h_nerubianraid_d_02_nv,,Miscellaneous,Head,Token,Dreadful,Nerub-ar Palace,"Havoc Demon Hunter,Unholy Death Knight,Destruction Warlock,Frost Death Knight,Vengeance Demon Hunter,Blood Death Knight,Demonology Warlock,Affliction Warlock",,"Warlock,Demon Hunter,Death Knight",9|12|6,,,,https://www.wowhead.com/item=225622,https://wow.zamimg.com/images/wow/icons/large/inv_shield_1h_nerubianraid_d_02_nv.jpg
7,The Silken Court,Mystic Conniver's Badge,2608,632,619,606,t,225623,,inv_shield_1h_nerubianraid_d_02_nv,,Miscellaneous,Head,Token,Mystic,Nerub-ar Palace,"Feral Druid,Arcane Mage,Guardian Druid,Balance Druid,Beast Mastery Hunter,Fire Mage,Restoration Druid,Survival Hunter,Frost Mage,Marksmanship Hunter",,"Mage,Hunter,Druid",8|3|11,,,,https://www.wowhead.com/item=225623,https://wow.zamimg.com/images/wow/icons/large/inv_shield_1h_nerubianraid_d_02_nv.jpg
7,The Silken Court,Venerated Conniver's Badge,2608,632,619,606,t,225624,,inv_shield_1h_nerubianraid_d_02_nv,,Miscellaneous,Head,Token,Venerated,Nerub-ar Palace,"Enhancement Shaman,Shadow Priest,Holy Paladin,Elemental Shaman,Restoration Shaman,Retribution Paladin,Holy Priest,Discipline Priest,Protection Paladin",,"Paladin,Priest,Shaman",2|5|7,,,,https://www.wowhead.com/item=225624,https://wow.zamimg.com/images/wow/icons/large/inv_shield_1h_nerubianraid_d_02_nv.jpg
7,The Silken Court,Zenith Conniver's Badge,2608,632,619,606,t,225625,,inv_shield_1h_nerubianraid_d_02_nv,,Miscellaneous,Head,Token,Zenith,Nerub-ar Palace,"Outlaw Rogue,Protection Warrior,Brewmaster Monk,Windwalker Monk,Devastation Evoker,Preservation Evoker,Augmentation Evoker,Fury Warrior,Assassination Rogue,Subtlety Rogue,Mistweaver Monk,Arms Warrior",,"Monk,Rogue,Evoker,Warrior",1|10|4|13,,,,https://www.wowhead.com/item=225625,https://wow.zamimg.com/images/wow/icons/large/inv_shield_1h_nerubianraid_d_02_nv.jpg
8,Queen Ansurek,Sovereign's Disdain,2602,632,619,606,,212394,,inv_knife_1h_nerubianraid_d_02,,Weapon,One-Hand,Daggers,,Nerub-ar Palace,"Destruction Warlock,Shadow Priest,Arcane Mage,Balance Druid,Devastation Evoker,Preservation Evoker,Elemental Shaman,Restoration Druid,Augmentation Evoker,Holy Priest,Restoration Shaman,Fire Mage,Discipline Priest,Demonology Warlock,Frost Mage,Affliction Warlock",102|105|1467|1468|1473|256|257|258|262|264|265|266|267|62|63|64,"Mage,Evoker,Shaman,Warlock,Priest,Druid",5|7|8|9|11|13,"5864 Intellect,4475 Stamina,488 Haste,213 Critical Strike",INT,HASTE/CRIT,https://www.wowhead.com/item=212394,https://wow.zamimg.com/images/wow/icons/large/inv_knife_1h_nerubianraid_d_02.jpg
8,Queen Ansurek,Ansurek's Final Judgment,2602,632,619,606,,212401,,inv_axe_1h_nerubianraid_d_01,,Weapon,One-Hand,One-Handed Axes,,Nerub-ar Palace,"Fury Warrior,Protection Warrior,Frost Death Knight,Protection Paladin",251|66|72|73,"Paladin,Warrior,Death Knight",1|2|6,"4475 Stamina,1007 Strength,498 Critical Strike,202 Mastery",STR,CRIT/MAS,https://www.wowhead.com/item=212401,https://wow.zamimg.com/images/wow/icons/large/inv_axe_1h_nerubianraid_d_01.jpg
8,Queen Ansurek,Queensguard Carapace,2602,632,619,606,,212420,,inv_chest_plate_raidwarriornerubian_d_01,,Armor,Chest,Plate,,Nerub-ar Palace,"Arms Warrior,Protection Warrior,Unholy Death Knight,Holy Paladin,Frost Death Knight,Retribution Paladin,Blood Death Knight,Fury Warrior,Protection Paladin",250|251|252|65|66|70|71|72|73,"Paladin,Warrior,Death Knight",1|2|6,"8949 Stamina,2014 [Strength or Intellect],979 Critical Strike,421 Haste",STR/INT,CRIT/HASTE,https://www.wowhead.com/item=212420,https://wow.zamimg.com/images/wow/icons/large/inv_chest_plate_raidwarriornerubian_d_01.jpg
8,Queen Ansurek,Omnivore's Venomous Camouflage,2602,632,619,606,,212433,,inv_chest_leather_raiddruidnerubian_d_01,,Armor,Chest,Leather,,Nerub-ar Palace,"Outlaw Rogue,Havoc Demon Hunter,Feral Druid,Guardian Druid,Brewmaster Monk,Balance Druid,Windwalker Monk,Restoration Druid,Vengeance Demon Hunter,Assassination Rogue,Subtlety Rogue,Mistweaver Monk",102|103|104|105|259|260|261|268|269|270|577|581,"Monk,Rogue,Demon Hunter,Druid",10|11|4|12,"8949 Stamina,2014 [Agility or Intellect],954 Mastery,447 Haste",AGI/INT,MAS/HASTE,https://www.wowhead.com/item=212433,https://wow.zamimg.com/images/wow/icons/large/inv_chest_leather_raiddruidnerubian_d_01.jpg
8,Queen Ansurek,Voidspoken Sarong,2602,632,619,606,,212434,,inv_pant_cloth_raidmagenerubian_d_01,,Armor,Legs,Cloth,,Nerub-ar Palace,"Destruction Warlock,Shadow Priest,Arcane Mage,Fire Mage,Holy Priest,Discipline Priest,Demonology Warlock,Frost Mage,Affliction Warlock",256|257|258|265|266|267|62|63|64,"Warlock,Mage,Priest",8|9|5,"8949 Stamina,2014 Intellect,938 Mastery,463 Versatility",INT,MAS/VERS,https://www.wowhead.com/item=212434,https://wow.zamimg.com/images/wow/icons/large/inv_pant_cloth_raidmagenerubian_d_01.jpg
8,Queen Ansurek,Liquified Defector's Leggings,2602,632,619,606,,212435,,inv_robe_mail_raidshamannerubian_d_01,,Armor,Legs,Mail,,Nerub-ar Palace,"Enhancement Shaman,Beast Mastery Hunter,Devastation Evoker,Preservation Evoker,Elemental Shaman,Augmentation Evoker,Survival Hunter,Restoration Shaman,Marksmanship Hunter",1467|1468|1473|253|254|255|262|263|264,"Evoker,Hunter,Shaman",3|13|7,"8949 Stamina,2014 [Agility or Intellect],936 Critical Strike,465 Haste",AGI/INT,CRIT/HASTE,https://www.wowhead.com/item=212435,https://wow.zamimg.com/images/wow/icons/large/inv_robe_mail_raidshamannerubian_d_01.jpg
8,Queen Ansurek,Clutches of Paranoia,2602,632,619,606,,212436,,inv_glove_mail_raidshamannerubian_d_01,,Armor,Hands,Mail,,Nerub-ar Palace,"Enhancement Shaman,Beast Mastery Hunter,Devastation Evoker,Preservation Evoker,Elemental Shaman,Augmentation Evoker,Survival Hunter,Restoration Shaman,Marksmanship Hunter",1467|1468|1473|253|254|255|262|263|264,"Evoker,Hunter,Shaman",3|13|7,"6712 Stamina,1510 [Agility or Intellect],740 Versatility,311 Mastery",AGI/INT,VERS/MAS,https://www.wowhead.com/item=212436,https://wow.zamimg.com/images/wow/icons/large/inv_glove_mail_raidshamannerubian_d_01.jpg
8,Queen Ansurek,Frame of Felled Insurgents,2602,632,619,606,,212444,,inv_shoulder_leather_raidmonknerubian_d_01,,Armor,Shoulder,Leather,,Nerub-ar Palace,"Outlaw Rogue,Havoc Demon Hunter,Feral Druid,Guardian Druid,Brewmaster Monk,Balance Druid,Windwalker Monk,Restoration Druid,Vengeance Demon Hunter,Assassination Rogue,Subtlety Rogue,Mistweaver Monk",102|103|104|105|259|260|261|268|269|270|577|581,"Monk,Rogue,Demon Hunter,Druid",10|11|4|12,"6712 Stamina,1510 [Agility or Intellect],690 Haste,361 Versatility",AGI/INT,HASTE/VERS,https://www.wowhead.com/item=212444,https://wow.zamimg.com/images/wow/icons/large/inv_shoulder_leather_raidmonknerubian_d_01.jpg
8,Queen Ansurek,Mad Queen's Mandate,2602,632,619,606,,212454,,inv_raid_abyssaleffigy_purple,,Armor,Trinket,Trinket,,Nerub-ar Palace,"Enhancement Shaman,Arcane Mage,Unholy Death Knight,Destruction Warlock,Frost Death Knight,Fire Mage,Survival Hunter,Frost Mage,Demonology Warlock,Subtlety Rogue,Devastation Evoker,Assassination Rogue,Affliction Warlock,Outlaw Rogue,Feral Druid,Shadow Priest,Windwalker Monk,Balance Druid,Elemental Shaman,Retribution Paladin,Fury Warrior,Marksmanship Hunter,Havoc Demon Hunter,Beast Mastery Hunter,Augmentation Evoker,Arms Warrior",,"Mage,Paladin,Demon Hunter,Death Knight,Monk,Evoker,Shaman,Hunter,Warlock,Rogue,Priest,Warrior,Druid",1|2|3|4|5|6|7|8|9|10|11|12|13,1001 Critical Strike,,CRIT,https://www.wowhead.com/item=212454,https://wow.zamimg.com/images/wow/icons/large/inv_raid_abyssaleffigy_purple.jpg
8,Queen Ansurek,Seal of the Poisoned Pact,2602,639,626,613,,225578,,inv_nerubian_ring_01_color3,Very Rare,Armor,Finger,,,Nerub-ar Palace,,,,,"5034 Stamina,2782 Critical Strike,464 Mastery",,CRIT/MAS,https://www.wowhead.com/item=225578,https://wow.zamimg.com/images/wow/icons/large/inv_nerubian_ring_01_color3.jpg
8,Queen Ansurek,Crest of the Caustic Despot,2602,632,619,606,,225579,,inv_shield_1h_nerubianraid_d_01,,Armor,Off Hand,Shield,,Nerub-ar Palace,"Protection Warrior,Holy Paladin,Elemental Shaman,Restoration Shaman,Protection Paladin",262|264|65|66|73,"Paladin,Warrior,Shaman",1|2|7,"4475 Stamina,3088 Intellect,1007 Strength,490 Critical Strike,211 Haste",STR/INT,CRIT/HASTE,https://www.wowhead.com/item=225579,https://wow.zamimg.com/images/wow/icons/large/inv_shield_1h_nerubianraid_d_01.jpg
8,Queen Ansurek,Acrid Ascendant's Sash,2602,632,619,606,,225585,,inv_cloth_raidpriestnerubian_d_01_belt,,Armor,Waist,Cloth,,Nerub-ar Palace,"Destruction Warlock,Shadow Priest,Arcane Mage,Fire Mage,Holy Priest,Discipline Priest,Demonology Warlock,Frost Mage,Affliction Warlock",256|257|258|265|266|267|62|63|64,"Warlock,Mage,Priest",8|9|5,"6712 Stamina,1510 Intellect,719 Mastery,332 Haste",INT,MAS/HASTE,https://www.wowhead.com/item=225585,https://wow.zamimg.com/images/wow/icons/large/inv_cloth_raidpriestnerubian_d_01_belt.jpg
8,Queen Ansurek,Devoted Offering's Irons,2602,632,619,606,,225587,,inv_plate_raidpaladinnerubian_d_01_bracer,,Armor,Wrist,Plate,,Nerub-ar Palace,"Arms Warrior,Protection Warrior,Unholy Death Knight,Holy Paladin,Frost Death Knight,Retribution Paladin,Blood Death Knight,Fury Warrior,Protection Paladin",250|251|252|65|66|70|71|72|73,"Paladin,Warrior,Death Knight",1|2|6,"5034 Stamina,1133 [Strength or Intellect],513 Mastery,275 Critical Strike",STR/INT,MAS/CRIT,https://www.wowhead.com/item=225587,https://wow.zamimg.com/images/wow/icons/large/inv_plate_raidpaladinnerubian_d_01_bracer.jpg
8,Queen Ansurek,Web-Wrapped Curio,2602,632,619,606,t,225634,,inv_ability_web_orb,,Omni,,Token,Omni,Nerub-ar Palace,,,,,,,,https://www.wowhead.com/item=225634,https://wow.zamimg.com/images/wow/icons/large/inv_ability_web_orb.jpg
99,Trash Drop,Web Acolyte's Hood,-67,623,610,597,,225720,,inv_cloth_raidpriestnerubian_d_01_helm,,Armor,Head,Cloth,,Nerub-ar Palace,"Destruction Warlock,Shadow Priest,Arcane Mage,Fire Mage,Holy Priest,Discipline Priest,Demonology Warlock,Frost Mage,Affliction Warlock",256|257|258|265|266|267|62|63|64,"Warlock,Mage,Priest",8|9|5,"8949 Stamina,2014 Intellect,966 Mastery,435 Haste",INT,MAS/HASTE,https://www.wowhead.com/item=225720,https://wow.zamimg.com/images/wow/icons/large/inv_cloth_raidpriestnerubian_d_01_helm.jpg
99,Trash Drop,Prime Slime Slippers,-67,623,610,597,,225721,,inv_cloth_raidpriestnerubian_d_01_boot,,Armor,Feet,Cloth,,Nerub-ar Palace,"Destruction Warlock,Shadow Priest,Arcane Mage,Fire Mage,Holy Priest,Discipline Priest,Demonology Warlock,Frost Mage,Affliction Warlock",256|257|258|265|266|267|62|63|64,"Warlock,Mage,Priest",8|9|5,"6712 Stamina,1510 Intellect,728 Critical Strike,323 Mastery",INT,CRIT/MAS,https://www.wowhead.com/item=225721,https://wow.zamimg.com/images/wow/icons/large/inv_cloth_raidpriestnerubian_d_01_boot.jpg
99,Trash Drop,Adorned Lynxborne Pauldrons,-67,623,610,597,,225722,,inv_shoulder_leather_raiddruidnerubian_d_01,,Armor,Shoulder,Leather,,Nerub-ar Palace,"Outlaw Rogue,Havoc Demon Hunter,Feral Druid,Guardian Druid,Brewmaster Monk,Balance Druid,Windwalker Monk,Restoration Druid,Vengeance Demon Hunter,Assassination Rogue,Subtlety Rogue,Mistweaver Monk",102|103|104|105|259|260|261|268|269|270|577|581,"Monk,Rogue,Demon Hunter,Druid",10|11|4|12,"6712 Stamina,1510 [Agility or Intellect],705 Versatility,345 Critical Strike",AGI/INT,VERS/CRIT,https://www.wowhead.com/item=225722,https://wow.zamimg.com/images/wow/icons/large/inv_shoulder_leather_raiddruidnerubian_d_01.jpg
99,Trash Drop,Venom Stalker's Strap,-67,623,610,597,,225723,,inv_belt_leather_raiddruidnerubian_d_01,,Armor,Waist,Leather,,Nerub-ar Palace,"Outlaw Rogue,Havoc Demon Hunter,Feral Druid,Guardian Druid,Brewmaster Monk,Balance Druid,Windwalker Monk,Restoration Druid,Vengeance Demon Hunter,Assassination Rogue,Subtlety Rogue,Mistweaver Monk",102|103|104|105|259|260|261|268|269|270|577|581,"Monk,Rogue,Demon Hunter,Druid",10|11|4|12,"6712 Stamina,1510 [Agility or Intellect],698 Critical Strike,353 Versatility",AGI/INT,CRIT/VERS,https://www.wowhead.com/item=225723,https://wow.zamimg.com/images/wow/icons/large/inv_belt_leather_raiddruidnerubian_d_01.jpg
99,Trash Drop,Shrillwing Hunter's Prey,-67,623,610,597,,225724,,inv_mail_raidhunternerubian_d_01_shoulder,,Armor,Shoulder,Mail,,Nerub-ar Palace,"Enhancement Shaman,Beast Mastery Hunter,Devastation Evoker,Preservation Evoker,Elemental Shaman,Augmentation Evoker,Survival Hunter,Restoration Shaman,Marksmanship Hunter",1467|1468|1473|253|254|255|262|263|264,"Evoker,Hunter,Shaman",3|13|7,"6712 Stamina,1510 [Agility or Intellect],728 Mastery,323 Versatility",AGI/INT,MAS/VERS,https://www.wowhead.com/item=225724,https://wow.zamimg.com/images/wow/icons/large/inv_mail_raidhunternerubian_d_01_shoulder.jpg
99,Trash Drop,Lurking Marauder's Binding,-67,623,610,597,,225725,,inv_belt_mail_raidshamannerubian_d_01,,Armor,Waist,Mail,,Nerub-ar Palace,"Enhancement Shaman,Beast Mastery Hunter,Devastation Evoker,Preservation Evoker,Elemental Shaman,Augmentation Evoker,Survival Hunter,Restoration Shaman,Marksmanship Hunter",1467|1468|1473|253|254|255|262|263|264,"Evoker,Hunter,Shaman",3|13|7,"6712 Stamina,1510 [Agility or Intellect],694 Versatility,356 Mastery",AGI/INT,VERS/MAS,https://www.wowhead.com/item=225725,https://wow.zamimg.com/images/wow/icons/large/inv_belt_mail_raidshamannerubian_d_01.jpg
99,Trash Drop,Captured Earthen's Ironhorns,-67,623,610,597,,225727,,inv_helm_plate_raidwarriornerubian_d_01,,Armor,Head,Plate,,Nerub-ar Palace,"Arms Warrior,Protection Warrior,Unholy Death Knight,Holy Paladin,Frost Death Knight,Retribution Paladin,Blood Death Knight,Fury Warrior,Protection Paladin",250|251|252|65|66|70|71|72|73,"Paladin,Warrior,Death Knight",1|2|6,"8949 Stamina,2014 [Strength or Intellect],981 Mastery,420 Haste",STR/INT,MAS/HASTE,https://www.wowhead.com/item=225727,https://wow.zamimg.com/images/wow/icons/large/inv_helm_plate_raidwarriornerubian_d_01.jpg
99,Trash Drop,Acidic Attendant's Loop,-67,623,610,597,,225728,,inv_11_0_nerubian_ring_02_color3,,Armor,Finger,,,Nerub-ar Palace,,,,,"242 Versatility,100 Stamina,90 Mastery",,VERS/MAS,https://www.wowhead.com/item=225728,https://wow.zamimg.com/images/wow/icons/large/inv_11_0_nerubian_ring_02_color3.jpg
99,Trash Drop,Heritage Militia's Stompers,-67,623,610,597,,225744,,inv_boot_plate_raidwarriornerubian_d_01,,Armor,Feet,Plate,,Nerub-ar Palace,"Arms Warrior,Protection Warrior,Unholy Death Knight,Holy Paladin,Frost Death Knight,Retribution Paladin,Blood Death Knight,Fury Warrior,Protection Paladin",250|251|252|65|66|70|71|72|73,"Paladin,Warrior,Death Knight",1|2|6,"6712 Stamina,1510 [Strength or Intellect],694 Haste,356 Mastery",STR/INT,HASTE/MAS,https://www.wowhead.com/item=225744,https://wow.zamimg.com/images/wow/icons/large/inv_boot_plate_raidwarriornerubian_d_01.jpg
